https://www.jaroflemons.com/healthy-sriracha-shredded-chicken-tacos/,Healthy Shredded Chicken Tacos
https://www.jaroflemons.com/baked-mahi-mahi-tacos/,Baked Mahi-Mahi Tacos
https://www.jaroflemons.com/sriracha-lime-shrimp-tacos/,Sriracha Lime Shrimp Tacos
https://www.jaroflemons.com/spicy-salmon-tacos/,Spicy Salmon Tacos W/Avocado Lime Dressing
https://www.jaroflemons.com/easy-mexican-barbacoa-tacos/,Easy Mexican Barbacoa Tacos
https://www.jaroflemons.com/baja-shrimp-tacos/,Baja Shrimp Tacos Recipe
https://www.jaroflemons.com/healthy-chicken-fajita-tacos/,Healthy Chicken Fajita Tacos
https://www.jaroflemons.com/30-minute-blackened-salmon-tacos/,30-Minute Blackened Salmon Tacos
https://www.jaroflemons.com/jackfruit-pulled-pork-tacos/,Jackfruit Pulled Pork Tacos
https://www.jaroflemons.com/jerk-chicken-tacos/,Jerk Chicken Tacos W/Mango Avocado Salsa
https://www.jaroflemons.com/the-best-easy-healthy-lasagna-recipe/,The BEST Healthy Lasagna Recipe
https://www.jaroflemons.com/creamy-salmon-pasta-recipe/,Creamy Salmon Pasta
https://www.jaroflemons.com/10-minute-margherita-pita-bread-pizzas/,10-Minute Margherita Pita Bread Pizzas
https://www.jaroflemons.com/easy-vegetarian-baked-ziti-recipe/,Easy Vegetarian Baked Ziti
https://www.jaroflemons.com/sun-dried-tomato-chicken-pasta/,Sun-Dried Tomato Chicken Pasta
https://www.jaroflemons.com/spinach-mushroom-naan-pizza/,Spinach & Mushroom Naan Pizza
https://www.jaroflemons.com/creamy-pumpkin-pasta/,Creamy Pumpkin Pasta
https://www.jaroflemons.com/one-pot-basil-chicken-baked-ziti/,One-Pot Basil Chicken Baked Ziti
https://www.jaroflemons.com/roasted-radish-arugula-havarti-pita-bread-pizzas/,Roasted Radish Arugula & Havarti Pita Bread Pizzas
https://www.jaroflemons.com/10-minute-avocado-pasta-sauce/,10-Minute Avocado Pasta Sauce
https://www.jaroflemons.com/mushroom-spinach-pasta-bake/,Mushroom & Spinach Pasta Bake
https://www.jaroflemons.com/pesto-goat-cheese-individual-pizzas/,Spinach & Pesto Goat Cheese Individual Pizzas
https://www.jaroflemons.com/chicken-tomato-pesto-burrata-pasta/,Chicken Tomato Pesto Burrata Pasta
https://www.jaroflemons.com/baked-chicken-meatballs/,Baked Spinach Chicken Meatballs
https://www.jaroflemons.com/spinach-ricotta-mac-cheese/,Spinach Ricotta Mac & Cheese
https://www.jaroflemons.com/roasted-sweet-potato-black-bean-salad/,Roasted Sweet Potato Black Bean Salad
https://www.jaroflemons.com/moroccan-chickpea-carrot-salad/,Moroccan Chickpea Carrot Salad
https://www.jaroflemons.com/chickpea-fall-salad/,Roasted Chickpea Fall Salad
https://www.jaroflemons.com/roasted-pumpkin-salad/,Roasted Pumpkin Salad
https://www.jaroflemons.com/spicy-southwest-salad/,Spicy Southwest Salad Recipe (Chick-Fil-A Copycat)
https://www.jaroflemons.com/sun-dried-tomato-arugula-lentil-salad/,Sun-Dried Tomato & Arugula Lentil Salad
https://www.jaroflemons.com/fig-goat-cheese-salad/,Fig & Goat Cheese Salad
https://www.jaroflemons.com/mediterranean-farro-salad/,10-Minute Mediterranean Farro Salad
https://www.jaroflemons.com/simple-chickpea-salad/,Simple Green Goodness Chickpea Salad
https://www.jaroflemons.com/easy-quinoa-salad-with-feta-cheese/,Easy Quinoa Salad W/Feta Cheese
https://www.jaroflemons.com/springtime-avocado-strawberry-spinach-salad/,Avocado Strawberry Spinach Salad
https://www.jaroflemons.com/healthy-chicken-cobb-salad-recipe/,Healthy Chicken Cobb Salad
https://www.jaroflemons.com/ground-turkey-taco-salad/,Easy Taco Salad W/Ground Turkey
https://www.jaroflemons.com/mediterranean-salad-bowls-w-lebanese-bbq-meatballs/,Mediterranean Salad Bowls W/Lebanese BBQ Meatballs
https://www.jaroflemons.com/shaved-brussels-sprout-salad/,Shaved Brussels Sprouts Salad W/Cranberries
https://www.jaroflemons.com/best-lemon-balsamic-lentil-salad/,Best Lemon Balsamic Lentil Salad
https://www.jaroflemons.com/chili-mango-zesty-quinoa-salad/,Chili Mango Zesty Quinoa Salad
https://www.jaroflemons.com/radish-tangerine-quinoa-detox-salad/,Radish & Tangerine Quinoa Detox Salad
https://www.jaroflemons.com/golden-beet-pecan-detox-salad/,Golden Beet Pecan Detox Salad
https://www.jaroflemons.com/kale-quinoa-curry-salad-w-roasted-brussel-sprouts/,Kale Quinoa Curry Salad W/Roasted Brussels Sprouts
https://www.jaroflemons.com/pomegranate-pecan-salad-w-cinnamon-apples/,Pomegranate Pecan Salad W/Cinnamon Apples
https://www.jaroflemons.com/turmeric-sweet-potato-pasta-salad/,Turmeric Sweet Potato Pasta Salad
https://www.jaroflemons.com/central-american-salad-jar/,Central American Salad in a Jar
https://www.jaroflemons.com/cherry-plum-goat-cheese-summer-salad/,Cherry Plum & Goat Cheese Salad
https://www.jaroflemons.com/hot-honey-chickpea-bowls/,Hot Honey Chickpea Bowls
https://www.jaroflemons.com/taco-bowl-recipe/,Taco Bowl Recipe
https://www.jaroflemons.com/lemon-pesto-gnocchi/,Creamy Lemon Kale Pesto Gnocchi
https://www.jaroflemons.com/peanut-butter-chicken/,Peanut Butter Chicken Recipe
https://www.jaroflemons.com/vegan-buffalo-chickpea-bowls/,Vegan Buffalo Chickpea Bowls
https://www.jaroflemons.com/creamy-white-chicken-chili/,Creamy White Chicken Chili
https://www.jaroflemons.com/asian-tofu-rice-bowls/,Asian Tofu Rice Bowls
https://www.jaroflemons.com/quinoa-chili/,Easy Quinoa Chili
https://www.jaroflemons.com/hot-honey-chicken-bowls/,Hot Honey Chicken Bowls
https://www.jaroflemons.com/the-best-vegan-chili-recipe/,The Best Vegan Chili
https://www.jaroflemons.com/best-sweet-potato-soup-recipe/,The Best Sweet Potato Soup
https://www.jaroflemons.com/low-carb-mexican-meal-prep-bowls/,Low Carb Mexican Meal Prep Bowl
https://www.jaroflemons.com/meal-prep-chicken-burrito-bowls/,Meal Prep Southwest Chicken Burrito Bowl
https://www.jaroflemons.com/hearty-vegan-lentil-soup-recipe/,Hearty Vegan Lentil Soup
https://www.jaroflemons.com/easy-vegetarian-summer-chili/,Easy Vegetarian Summer Chili
https://www.jaroflemons.com/vegan-loaded-mashed-potato-bowls/,Vegan Loaded Mashed Potato Bowls
https://www.jaroflemons.com/vegan-turmeric-quinoa-power-bowls/,Vegan Turmeric Quinoa Power Bowls
https://www.jaroflemons.com/bbq-chicken-power-bowls/,BBQ Chicken Power Bowls
https://www.jaroflemons.com/vegan-meal-prep-black-bean-quinoa-bowls/,Vegan Meal Prep Black Bean Quinoa Bowls
https://www.jaroflemons.com/rainbow-power-bowls/,Broccoli & Chickpea Rainbow Power Bowls
https://www.jaroflemons.com/lentil-turmeric-detox-soup/,Lentil Turmeric Detox Soup
https://www.jaroflemons.com/vegan-winter-spiced-chickpea-power-bowl/,Vegan Winter Spiced Chickpea Power Bowl
https://www.jaroflemons.com/mahi-mahi-taco-bowls/,Mahi Mahi Taco Bowls
https://www.jaroflemons.com/pumpkin-curry-soup/,Pumpkin Curry Soup
https://www.jaroflemons.com/vegetarian-spicy-korean-bibimbap-bowls/,Vegetarian Spicy Korean Bibimbap Bowls
https://www.jaroflemons.com/vegetarian-zucchini-spaghetti-w-red-sauce/,Vegetarian Zucchini Spaghetti W/Red Sauce & Mushrooms
https://www.jaroflemons.com/turmeric-tahini-roasted-beets-power-bowls/,Turmeric Tahini & Roasted Beets Power Bowls
https://www.jaroflemons.com/one-pot-shrimp-scampi-w-zucchini-noodles/,One-Pot Shrimp Scampi W/Zucchini Noodles
https://www.jaroflemons.com/thai-coconut-curry-shrimp/,Thai Coconut Curry Shrimp
https://www.jaroflemons.com/baked-chicken-with-turmeric-sauce/,Baked Chicken W/Turmeric Sauce
https://www.jaroflemons.com/paleo-chicken-mushroom-casserole/,Paleo Chicken & Mushroom Casserole
https://www.jaroflemons.com/spicy-southwest-butternut-squash-casserole/,Spicy Butternut Squash Casserole
https://www.jaroflemons.com/easy-turkey-rice-casserole/,Easy Turkey Rice Casserole
https://www.jaroflemons.com/creamy-healthy-chicken-enchilada-skillet/,Creamy Healthy Enchilada Skillet
https://www.jaroflemons.com/healthy-chicken-broccoli-pasta-casserole/,Healthy Chicken Broccoli Pasta Casserole
https://www.jaroflemons.com/apricot-mozzarella-stuffed-chicken/,Easy Apricot Mozzarella Stuffed Chicken Recipe
https://www.jaroflemons.com/dairy-free-tuscan-chicken-skillet/,Dairy-Free Tuscan Chicken Skillet
https://www.jaroflemons.com/chicken-fajita-casserole/,Chicken Fajita Casserole
https://www.jaroflemons.com/one-pot-honey-rosemary-chicken/,One-Pot Honey Rosemary Chicken & Vegetables
https://www.jaroflemons.com/rosemary-and-mushroom-rice-pilaf/,Rosemary & Mushroom Rice Pilaf
https://www.jaroflemons.com/spanish-rice-beans/,Spanish Rice & Beans
https://www.jaroflemons.com/slow-cooker-fiesta-ranch-chicken-wraps/,Slow Cooker Fiesta Chicken Wraps
https://www.jaroflemons.com/air-fryer-crispy-brussels-sprouts/,Air Fryer Crispy Brussels Sprouts & Bacon
https://www.jaroflemons.com/instant-pot-mushroom-risotto/,Instant Pot Mushroom Risotto
https://www.jaroflemons.com/thai-pineapple-fried-rice/,Thai Pineapple Fried Rice
https://www.jaroflemons.com/shrimp-guacamole-tostadas/,Shrimp Guacamole Tostadas
https://www.jaroflemons.com/the-best-cauliflower-fried-rice/,The Best Cauliflower Fried Rice
https://eatthegains.com/steak-and-sweet-potato-skillet/?fbclid=IwAR0s-JkdyThFBIWGDDHyAYUFE0ox-nErrhamjQlhjwcBhmpZz1JJdbUVWzE,Steak & Sweet Potato Skillet
https://www.jaroflemons.com/easy-spicy-vegan-potato-curry/,Easy Vegan Potato Curry
https://www.jaroflemons.com/easy-lemon-garlic-shrimp-quinoa/,Easy Lemon Garlic Shrimp
https://www.jaroflemons.com/barbecue-salmon-quinoa/,Maple Barbecue Salmon Recipe
https://www.jaroflemons.com/avocado-egg-salad-sandwich/,Healthy Avocado Egg Salad
https://www.jaroflemons.com/best-coconut-lentil-chickpea-curry/,The Best Coconut Lentil & Chickpea Curry
https://www.jaroflemons.com/basil-chicken-sheet-pan-dinner/,Basil Chicken Sheet Pan Dinner
https://www.jaroflemons.com/thai-chicken-lettuce-wraps/,Thai Chicken Lettuce Wraps
https://www.jaroflemons.com/30-minute-mexican-cauliflower-rice-recipe/,30-Minute Mexican Cauliflower Rice
https://www.jaroflemons.com/whole30-stuffed-peppers/,Spicy Southwest Whole 30 Stuffed Peppers
https://www.jaroflemons.com/easy-baked-teriyaki-salmon-recipe/,Easy Baked Teriyaki Salmon
https://www.jaroflemons.com/baked-sweet-potatoes-w-chickpeas-broccoli-pesto/,Baked Sweet Potatoes W/Chickpeas & Broccoli Pesto
https://www.jaroflemons.com/30-minute-healthy-sloppy-joes-recipe/,Healthy Sloppy Joes (30-Minutes)
https://www.jaroflemons.com/skinny-creamy-chicken-enchiladas/,Healthy Creamy Chicken Enchiladas